{
  "assessor_id": "assessor_C",
  "role": "llm_assessor",
  "rubric_points_possible": null,
  "scores": [
    {
      "student_id": "s001",
      "rubric_total_points": 53.04,
      "criteria_points": {
        "K1": 46.5775,
        "K2": 46.5775,
        "T1": 56.24266666666667,
        "T2": 56.24266666666667,
        "C1": 50.376000000000005,
        "C2": 69.4305,
        "C3": 56.24266666666667,
        "A1": 47.85600000000001,
        "A2": 47.85600000000001
      },
      "criteria_evidence": [],
      "notes": "Fallback deterministic score for assessor C."
    },
    {
      "student_id": "s002",
      "rubric_total_points": 57.01,
      "criteria_points": {
        "K1": 52.84,
        "K2": 52.84,
        "T1": 57.99418181818182,
        "T2": 57.99418181818182,
        "C1": 56.976000000000006,
        "C2": 70.243,
        "C3": 57.99418181818182,
        "A1": 53.11600000000001,
        "A2": 53.11600000000001
      },
      "criteria_evidence": [],
      "notes": "Fallback deterministic score for assessor C."
    },
    {
      "student_id": "s003",
      "rubric_total_points": 64.91,
      "criteria_points": {
        "K1": 60.065,
        "K2": 60.065,
        "T1": 66.7287212572374,
        "T2": 66.7287212572374,
        "C1": 65.136,
        "C2": 76.873,
        "C3": 66.7287212572374,
        "A1": 60.936,
        "A2": 60.936
      },
      "criteria_evidence": [],
      "notes": "Fallback deterministic score for assessor C."
    },
    {
      "student_id": "s004",
      "rubric_total_points": 84.54,
      "criteria_points": {
        "K1": 78.48749999999998,
        "K2": 78.48749999999998,
        "T1": 87.79868356550764,
        "T2": 87.79868356550764,
        "C1": 85.08,
        "C2": 93.72749999999999,
        "C3": 87.79868356550764,
        "A1": 80.86,
        "A2": 80.86
      },
      "criteria_evidence": [],
      "notes": "Fallback deterministic score for assessor C."
    }
  ]
}