{
  "assessor_id": "assessor_C",
  "role": "llm_assessor",
  "rubric_points_possible": null,
  "scores": [
    {
      "student_id": "s001",
      "rubric_total_points": 63.86,
      "criteria_points": {
        "K1": 58.015,
        "K2": 58.015,
        "T1": 67.02637037037037,
        "T2": 67.02637037037037,
        "C1": 66.256,
        "C2": 73.78299999999999,
        "C3": 67.02637037037037,
        "A1": 58.776,
        "A2": 58.776
      },
      "criteria_evidence": [],
      "notes": "Fallback deterministic score for assessor C."
    },
    {
      "student_id": "s002",
      "rubric_total_points": 66.14,
      "criteria_points": {
        "K1": 61.495000000000005,
        "K2": 61.495000000000005,
        "T1": 67.78133333333334,
        "T2": 67.78133333333334,
        "C1": 69.64800000000001,
        "C2": 75.239,
        "C3": 67.78133333333334,
        "A1": 62.008,
        "A2": 62.008
      },
      "criteria_evidence": [],
      "notes": "Fallback deterministic score for assessor C."
    },
    {
      "student_id": "s003",
      "rubric_total_points": 67.04,
      "criteria_points": {
        "K1": 62.5575,
        "K2": 62.5575,
        "T1": 69.11022222222222,
        "T2": 69.11022222222222,
        "C1": 68.888,
        "C2": 75.9215,
        "C3": 69.11022222222222,
        "A1": 63.068,
        "A2": 63.068
      },
      "criteria_evidence": [],
      "notes": "Fallback deterministic score for assessor C."
    },
    {
      "student_id": "s004",
      "rubric_total_points": 72.13,
      "criteria_points": {
        "K1": 69.0625,
        "K2": 69.0625,
        "T1": 72.7104761904762,
        "T2": 72.7104761904762,
        "C1": 75.72,
        "C2": 78.8725,
        "C3": 72.7104761904762,
        "A1": 69.18,
        "A2": 69.18
      },
      "criteria_evidence": [],
      "notes": "Fallback deterministic score for assessor C."
    }
  ]
}